id,category,text
survival_01,SURVIVAL,"Store supplies in your bunker before heading into dangerous territory. Gear left in storage stays out of the fight."
survival_02,SURVIVAL,"Watch food and water as well as health. A long trip needs more than ammunition."
survival_03,SURVIVAL,"The heal shortcut uses a medkit from your inventory. Check your supplies before you need one."
survival_04,SURVIVAL,"A bed can become your respawn point. Choose one near the area you plan to explore."
survival_05,SURVIVAL,"Sleeping advances time. A bed can help you wait for daylight before setting out."
survival_06,SURVIVAL,"A flashlight makes dark interiors easier to search. Night vision is an alternative if you find the right headgear."
survival_07,SURVIVAL,"Death can leave your carried equipment behind. Secure valuables before taking a risk."
inventory_01,INVENTORY,"Backpacks increase carrying space. Equip one before a long scavenging trip."
inventory_02,INVENTORY,"A chest rig provides an additional primary weapon slot."
inventory_03,INVENTORY,"Auto Sort combines compatible stacks and rearranges your inventory to free up space."
inventory_04,INVENTORY,"Quick-transfer moves items between your inventory and an open container. Its shortcut is shown in the controls."
inventory_05,INVENTORY,"Aim at an unlocked container to use quick loot. Open the full inventory when you need to organize equipment."
inventory_06,INVENTORY,"Take All collects what fits. Make room in your inventory if a container still has useful supplies."
inventory_07,INVENTORY,"Drag compatible ammunition onto a magazine in your inventory to fill it. Check the weapon description for the correct type."
inventory_08,INVENTORY,"Trading cards are found out in the world. Collect them for permanent bonuses and view them in your collection."
combat_01,COMBAT,"Cover breaks line of sight. Change position when enemies start working around your cover."
combat_02,COMBAT,"Lean around a corner to aim while exposing less of yourself."
combat_03,COMBAT,"Crouching and going prone change how you move through a fight. Keep a clear route back to cover."
combat_04,COMBAT,"A gun can also be used for a melee strike. A close-range hit can give you room to retreat."
combat_05,COMBAT,"Magazines keep their remaining rounds. Reloading does not turn every spare magazine into a full one."
combat_06,COMBAT,"Revolvers and break-action shotguns load cartridges directly. They do not use detachable magazines."
combat_07,COMBAT,"Missile launchers load missiles directly. Tasers use batteries. Neither needs a detachable magazine."
combat_08,COMBAT,"An intact gas pump can refill a flamethrower canister. Exploded pumps are no use for refueling."
combat_09,COMBAT,"Legendary enemies are marked with stars. More stars mean a tougher fight and better rewards."
combat_10,COMBAT,"A weapon's rarity affects its performance. Inspect its stats and legendary effect before choosing what to carry."
combat_11,COMBAT,"Use a weapon workbench to change compatible attachments and apply unlocked camos."
combat_12,COMBAT,"Weapon challenges unlock new finishes. Check your progress at the workbench."
combat_13,COMBAT,"Once a mannequin becomes aggressive, watching it will not stop its charge."
combat_14,COMBAT,"A parked car is not always safe cover. Damaged vehicles can catch fire and explode."
combat_15,COMBAT,"The largest enemies can pick up vehicles. Staying in the driver's seat will not make you untouchable."
travel_01,EXPLORATION,"Locations appear on the map after you discover them. Discovery also awards a little experience."
travel_02,EXPLORATION,"Set a waypoint on the map to help plan a route through the world."
travel_03,EXPLORATION,"The map marks your last driven vehicle. Use it to find your way back after exploring on foot."
travel_04,EXPLORATION,"Check small camps and roadside stops between towns. Useful supplies are not always inside large buildings."
travel_05,EXPLORATION,"Dungeons can be much larger than they first appear. Bring supplies for the return trip as well as the entrance."
travel_06,EXPLORATION,"Deep dungeons hold dangerous enemies and valuable rewards. Expect a difficult opponent near the end."
travel_07,EXPLORATION,"Locks have different difficulty tiers. Better-protected containers can hold more valuable loot."
travel_08,EXPLORATION,"Some POIs contain friendly travelers, traders or people with work to offer. Look before you shoot."
vehicle_01,VEHICLES,"Check your fuel before a long drive. Carry a gas can when exploring far from a reliable supply."
vehicle_02,VEHICLES,"A car key belongs to a particular vehicle. Search the glove box; the owner may have left it behind."
vehicle_03,VEHICLES,"A locked car may need lockpicking first and hotwiring afterward if you do not have its key."
vehicle_04,VEHICLES,"Rain builds up on the windshield. Use the wipers to keep a clear view of the road."
vehicle_05,VEHICLES,"Adjust your driving seat to get a better view of the road and dashboard. The controls menu lists the shortcuts."
vehicle_06,VEHICLES,"If a parked vehicle gets wedged in the terrain, try its flip interaction to help free it."
vehicle_07,VEHICLES,"Companions try to ride with you. If there is not enough room, nearby vehicles can let the rest follow."
vehicle_08,VEHICLES,"With a waypoint and a companion, taking a passenger seat can let your companion handle the driving."
vehicle_09,VEHICLES,"An RV offers more than transport. Its beds, seating and separate storage can support life on the road."
vehicle_10,VEHICLES,"Retract an RV's slide-outs before driving. The extra living space is intended for stops."
vehicle_11,VEHICLES,"Parking lots offer a paid service to bring one of your owned vehicles to the lot."
vehicle_12,VEHICLES,"Vehicles stored in your bunker garage become owned vehicles. Large vehicles occupy more than one bay."
community_01,SETTLEMENTS,"Trading and completing contracts improve settlement reputation. Attacking or stealing can turn a welcome into a warning."
community_02,SETTLEMENTS,"High reputation can earn settlement membership. At the highest reputation, leadership opens up more opportunities."
community_03,COMPANIONS,"Companion perks increase the number of people you can take along. Send others somewhere safe when your party is full."
community_04,COMPANIONS,"Assigned RV bunks give companions a home on the road. Check your sleeping arrangements before leaving town."
community_05,BUNKER,"Use the entrance terminal to enter build mode, move furniture and purchase expansions."
community_06,BUNKER,"Bunker furniture costs scrap to build. Keep some material in reserve for your next improvement."
community_07,CANADA,"Canadian merchants use Canadian dollars. The currency exchange in Toronto lets you exchange money at a changing rate."
lore_01,THE WORLD,"It is autumn 2030. Two years have passed since the nuclear attacks of September 2028."
lore_02,THE WORLD,"America collapsed. The rest of the world did not. Beyond the border, ordinary life continues."
lore_03,BELLWETHER,"Bellwether was a highway service plaza. Now its rooms, counters and parking spaces shelter a community."
lore_04,BELLWETHER,"Mara Finch keeps people alive with limited supplies. Even a good medic cannot be everywhere at once."
lore_05,BELLWETHER,"For Ivo Bell, a repair is a promise kept: one more heater, one more light, one more day."
lore_06,UPSTATE NEW YORK,"Syracuse still has the shape of a city. Familiar streets lead past buildings whose uses have changed completely."
lore_07,UPSTATE NEW YORK,"Shopping centers once gathered crowds to spend money. Some now gather survivors looking for medicine, shelter and news."
lore_08,UPSTATE NEW YORK,"The old canal corridor still connects communities. Keeping a route open takes tools, labor and people willing to return tomorrow."
lore_09,THE LOCKKEEPERS,"The Lockkeepers grew out of canal workers, mechanics and freight crews. Their workshops keep more than engines running."
lore_10,THE LOCKKEEPERS,"Della Voss counts work in obligations as much as hours. Every working machine has somebody behind it."
lore_11,THE CIVIC GUARD,"The Civic Guard draws from surviving military and emergency personnel. Security and organized manpower are its strongest resources."
lore_12,THE CIVIC GUARD,"Captain Elias Rook knows how to hold a line. Deciding which line deserves to be held is harder."
lore_13,THE FREEHOLDS,"The Freeholds are independent farming and woodland communities. Food, guides and safehouses give them strength beyond their size."
lore_14,THE FREEHOLDS,"Hannah Pike was a ranger before the collapse. She trusts what people do more than what they promise."
lore_15,THE NIGHT FERRY,"Boat crews, couriers and document brokers form the Night Ferry. The routes they know can be more valuable than the cargo."
lore_16,THE NIGHT FERRY,"Some people on the water rescue strangers. Others see desperation as a market. A crossing and a guarantee are different things."
lore_17,NORTHBANK,"The Northbank Mission is a Canadian civilian relief organization. Its work includes treatment, evacuation and tracing separated families."
lore_18,NORTHBANK,"Relief workers face limits of beds, transport and access. A place can be safe and still struggle to welcome everyone at once."
lore_19,CANADA,"Toronto is a living city. Its lights are maintained by people who expect tomorrow to arrive."
lore_20,LAKE ONTARIO,"Lake Ontario separates more than shorelines now. Across the water lies a country whose institutions still function."
lore_21,THE WORLD,"Survivors remember jobs, neighbors, errands and ordinary plans. The world before the attacks is still within living memory."
lore_22,THE WORLD,"A working heater matters more as autumn deepens. Winter has no interest in who owns the road."
lore_23,THE WORLD,"News travels through survivors, radio traffic and fragments of records. A confident report is not always a complete one."
lore_24,THE WORLD,"Communities survive through small repeated acts: repairing a pump, sharing a meal, keeping watch so someone else can sleep."
