"Type","Name","FloorCells","AddedFurniture","AddedWallDecor","AddedCeilingDecor","ConstructionMs","ResidentActors"
"0","FUEL STOP","15","8","6","2","193.8","40"
"1","MOTEL","35","16","5","11","67.4","72"
"2","CLINIC","25","8","5","6","47.2","37"
"3","DEPOT","36","18","5","15","61.5","101"
"4","DINER","15","8","5","8","50.2","31"
"5","ARCADE","25","14","6","8","156.6","31"
"6","APARTMENTS","103","52","28","33","123.1","210"
"7","RANCH HOUSE","9","1","3","1","36.8","29"
"8","COTTAGE","9","0","1","0","23.1","27"
"9","TOWNHOUSE","62","27","15","7","77.4","112"
"10","MEGAMARKET","59","35","13","22","67.3","137"
"11","CROSSROADS PLAZA","44","24","13","16","92.4","133"
"12","HOMEWORKS FURNITURE","69","23","17","22","105.9","177"
"13","WAREHOUSE","36","16","6","11","312.0","67"
"14","FAST FOOD","15","5","1","6","255.1","28"
"15","DRIVE-IN THEATER","0","0","0","0","306.1","26"
"16","PARKING LOT","0","0","0","0","127.9","12"
"17","POLICE STATION","63","32","13","19","47.8","88"
"18","VANTA ATELIER","40","20","12","13","45.8","62"
"19","THE LAST LANTERN","15","6","3","4","167.8","42"
"20","RICHARDSON FINANCIAL TOWER","468","156","87","125","461.0","849"
"21","THE GILDED REPUBLIC RESORT","2860","595","398","700","1207.0","1674"
"22","REDLINE PUMPWORKS","242","69","65","84","77.6","98"
"23","SAINT MERCY QUARANTINE","332","100","67","98","103.3","157"
"24","BLACKWATER REMAND","330","98","87","99","108.6","142"
"25","FEDERAL BULLION DEPOSITORY","630","174","158","190","223.2","299"
"26","DEAD AIR BROADCAST CENTER","436","123","75","154","156.7","217"
"27","RUSTHAVEN STEELWORKS","714","180","172","192","226.4","263"
"28","EDEN RESEARCH ANNEX","840","247","212","219","266.6","362"
"29","PATRIOT MISSILE COMMAND","1190","287","285","344","382.4","419"
"30","UNION CENTRAL INTERCHANGE","1530","370","287","395","497.7","558"
"31","EXECUTIVE CONTINUITY ARCOLOGY","2142","420","409","638","666.3","700"
"32","RICHARDSON INTERNATIONAL AIRPORT","1769","463","178","559","689.4","572"
"33","LIBERTY LAST BROADCAST","81","35","12","25","33.1","57"
"34","MERCY SEED VAULT","81","39","18","32","29.5","50"
"35","ATLAS OBSERVATORY","81","37","16","32","28.0","54"
"36","PRESIDENTIAL NIGHT TRAIN","51","33","11","21","24.9","41"
"37","HOOVER MEMORIAL SPILLWAY","0","0","0","0","11.6","11"
"38","SUNKEN TREASURY","81","40","16","19","29.8","54"
"39","CHAPEL OF THE ASHES","81","40","16","25","31.1","56"
"40","THE FINAL PICTURE SHOW","0","0","0","0","8.7","9"
"41","COLDWATER LIGHTHOUSE","81","46","15","33","31.6","63"
"42","THE GLASS CONSERVATORY","81","29","17","31","25.9","40"
"43","IRONJAW ARENA","81","35","15","26","26.2","52"
"44","APOLLO ROCKET GARDEN","0","0","0","0","12.8","11"
"45","WEATHER CROWN","81","45","13","30","33.1","60"
"46","THE SILENT COURTHOUSE","81","44","15","19","30.0","59"
"47","MUSEUM OF PROSPERITY","81","34","16","27","24.3","50"
"48","TITAN GRAVE EXCAVATION","0","0","0","0","8.9","9"
"49","BLACK BOX RIDGE","0","0","0","0","9.6","9"
"50","NEON MIRAGE MOTOR COURT","81","43","19","26","24.7","57"
"51","SWITCHBACK RADIO TELESCOPE","81","45","14","17","35.7","63"
"52","REDWOOD EMERGENCY ARK","81","42","10","34","28.4","55"
"53","DEEPWELL SURVIVAL BUNKER","242","65","63","77","83.7","3"
"54","FRACTURE CAVERNS","330","59","63","55","107.3","3"
"55","INTERSTATE SERVICE TUNNELS","380","73","103","128","134.8","3"
"56","LIBERTY RESIDENTIAL TOWER","444","128","79","93","536.0","1032"
"57","MERIDIAN MEDICAL TOWER","468","153","73","124","484.6","912"
"58","GRAND MERIDIAN SHOPPING MALL","978","420","186","288","495.3","880"
"59","IRONVALE STATE PRISON","237","139","47","58","163.8","182"
"60","SAINT BRIGID CHURCH","49","24","13","15","22.6","24"
"61","SUNSET MOTOR COMPANY","104","50","32","35","148.3","80"
"62","BUILDRIGHT HARDWARE","107","56","27","32","61.5","91"
"63","WONDERLAND THEME PARK","161","113","57","49","132.8","157"
"64","FORT ASHCROFT","80","47","25","27","260.6","76"
"65","AMERICAN RESERVE BANK","110","50","26","27","212.6","70"
"66","RICHARDSON SHOOTING CLUB","63","35","17","21","35.3","43"
"67","TRAILBOUND SPORTING GOODS","90","54","16","35","43.0","71"
